시도,시군구,읍면동,name,full_name
11000,11010,1101053,사직동,서울특별시 종로구 사직동
11000,11010,1101054,삼청동,서울특별시 종로구 삼청동
11000,11010,1101055,부암동,서울특별시 종로구 부암동
11000,11010,1101056,평창동,서울특별시 종로구 평창동
11000,11010,1101057,무악동,서울특별시 종로구 무악동
11000,11010,1101058,교남동,서울특별시 종로구 교남동
11000,11010,1101060,가회동,서울특별시 종로구 가회동
11000,11010,1101061,종로1·2·3·4가동,서울특별시 종로구 종로1·2·3·4가동
11000,11010,1101063,종로5·6가동,서울특별시 종로구 종로5·6가동
11000,11010,1101064,이화동,서울특별시 종로구 이화동
11000,11010,1101067,창신1동,서울특별시 종로구 창신1동
11000,11010,1101068,창신2동,서울특별시 종로구 창신2동
11000,11010,1101069,창신3동,서울특별시 종로구 창신3동
11000,11010,1101070,숭인1동,서울특별시 종로구 숭인1동
11000,11010,1101071,숭인2동,서울특별시 종로구 숭인2동
11000,11010,1101072,청운효자동,서울특별시 종로구 청운효자동
11000,11010,1101073,혜화동,서울특별시 종로구 혜화동
11000,11020,1102052,소공동,서울특별시 중구 소공동
11000,11020,1102054,회현동,서울특별시 중구 회현동
11000,11020,1102055,명동,서울특별시 중구 명동
11000,11020,1102057,필동,서울특별시 중구 필동
11000,11020,1102058,장충동,서울특별시 중구 장충동
11000,11020,1102059,광희동,서울특별시 중구 광희동
11000,11020,1102060,을지로동,서울특별시 중구 을지로동
11000,11020,1102065,신당5동,서울특별시 중구 신당5동
11000,11020,1102067,황학동,서울특별시 중구 황학동
11000,11020,1102068,중림동,서울특별시 중구 중림동
11000,11020,1102069,신당동,서울특별시 중구 신당동
11000,11020,1102070,다산동,서울특별시 중구 다산동
11000,11020,1102071,약수동,서울특별시 중구 약수동
11000,11020,1102072,청구동,서울특별시 중구 청구동
11000,11020,1102073,동화동,서울특별시 중구 동화동
11000,11030,1103051,후암동,서울특별시 용산구 후암동
11000,11030,1103052,용산2가동,서울특별시 용산구 용산2가동
11000,11030,1103053,남영동,서울특별시 용산구 남영동
11000,11030,1103057,원효로2동,서울특별시 용산구 원효로2동
11000,11030,1103058,효창동,서울특별시 용산구 효창동
11000,11030,1103059,용문동,서울특별시 용산구 용문동
11000,11030,1103063,이촌1동,서울특별시 용산구 이촌1동
11000,11030,1103064,이촌2동,서울특별시 용산구 이촌2동
11000,11030,1103065,이태원1동,서울특별시 용산구 이태원1동
11000,11030,1103066,이태원2동,서울특별시 용산구 이태원2동
11000,11030,1103069,서빙고동,서울특별시 용산구 서빙고동
11000,11030,1103070,보광동,서울특별시 용산구 보광동
11000,11030,1103071,청파동,서울특별시 용산구 청파동
11000,11030,1103072,원효로1동,서울특별시 용산구 원효로1동
11000,11030,1103073,한강로동,서울특별시 용산구 한강로동
11000,11030,1103074,한남동,서울특별시 용산구 한남동
11000,11040,1104052,왕십리2동,서울특별시 성동구 왕십리2동
11000,11040,1104054,마장동,서울특별시 성동구 마장동
11000,11040,1104055,사근동,서울특별시 성동구 사근동
11000,11040,1104056,행당1동,서울특별시 성동구 행당1동
11000,11040,1104057,행당2동,서울특별시 성동구 행당2동
11000,11040,1104058,응봉동,서울특별시 성동구 응봉동
11000,11040,1104059,금호1가동,서울특별시 성동구 금호1가동
11000,11040,1104062,금호4가동,서울특별시 성동구 금호4가동
11000,11040,1104065,성수1가1동,서울특별시 성동구 성수1가1동
11000,11040,1104066,성수1가2동,서울특별시 성동구 성수1가2동
11000,11040,1104067,성수2가1동,서울특별시 성동구 성수2가1동
11000,11040,1104068,성수2가3동,서울특별시 성동구 성수2가3동
11000,11040,1104069,송정동,서울특별시 성동구 송정동
11000,11040,1104070,용답동,서울특별시 성동구 용답동
11000,11040,1104071,왕십리도선동,서울특별시 성동구 왕십리도선동
11000,11040,1104072,금호2·3가동,서울특별시 성동구 금호2·3가동
11000,11040,1104073,옥수동,서울특별시 성동구 옥수동
11000,11050,1105053,화양동,서울특별시 광진구 화양동
11000,11050,1105054,군자동,서울특별시 광진구 군자동
11000,11050,1105055,중곡1동,서울특별시 광진구 중곡1동
11000,11050,1105056,중곡2동,서울특별시 광진구 중곡2동
11000,11050,1105057,중곡3동,서울특별시 광진구 중곡3동
11000,11050,1105058,중곡4동,서울특별시 광진구 중곡4동
11000,11050,1105059,능동,서울특별시 광진구 능동
11000,11050,1105060,구의1동,서울특별시 광진구 구의1동
11000,11050,1105061,구의2동,서울특별시 광진구 구의2동
11000,11050,1105062,구의3동,서울특별시 광진구 구의3동
11000,11050,1105063,광장동,서울특별시 광진구 광장동
11000,11050,1105064,자양1동,서울특별시 광진구 자양1동
11000,11050,1105065,자양2동,서울특별시 광진구 자양2동
11000,11050,1105066,자양3동,서울특별시 광진구 자양3동
11000,11050,1105067,자양4동,서울특별시 광진구 자양4동
11000,11060,1106071,회기동,서울특별시 동대문구 회기동
11000,11060,1106072,휘경1동,서울특별시 동대문구 휘경1동
11000,11060,1106073,휘경2동,서울특별시 동대문구 휘경2동
11000,11060,1106080,청량리동,서울특별시 동대문구 청량리동
11000,11060,1106081,용신동,서울특별시 동대문구 용신동
11000,11060,1106082,제기동,서울특별시 동대문구 제기동
11000,11060,1106083,전농1동,서울특별시 동대문구 전농1동
11000,11060,1106084,전농2동,서울특별시 동대문구 전농2동
11000,11060,1106086,답십리2동,서울특별시 동대문구 답십리2동
11000,11060,1106087,장안1동,서울특별시 동대문구 장안1동
11000,11060,1106088,장안2동,서울특별시 동대문구 장안2동
11000,11060,1106089,이문1동,서울특별시 동대문구 이문1동
11000,11060,1106090,이문2동,서울특별시 동대문구 이문2동
11000,11060,1106091,답십리1동,서울특별시 동대문구 답십리1동
11000,11070,1107052,면목2동,서울특별시 중랑구 면목2동
11000,11070,1107054,면목4동,서울특별시 중랑구 면목4동
11000,11070,1107055,면목5동,서울특별시 중랑구 면목5동
11000,11070,1107057,면목7동,서울특별시 중랑구 면목7동
11000,11070,1107059,상봉1동,서울특별시 중랑구 상봉1동
11000,11070,1107060,상봉2동,서울특별시 중랑구 상봉2동
11000,11070,1107061,중화1동,서울특별시 중랑구 중화1동
11000,11070,1107062,중화2동,서울특별시 중랑구 중화2동
11000,11070,1107064,묵1동,서울특별시 중랑구 묵1동
11000,11070,1107065,묵2동,서울특별시 중랑구 묵2동
11000,11070,1107068,망우3동,서울특별시 중랑구 망우3동
11000,11070,1107069,신내1동,서울특별시 중랑구 신내1동
11000,11070,1107070,신내2동,서울특별시 중랑구 신내2동
11000,11070,1107071,면목본동,서울특별시 중랑구 면목본동
11000,11070,1107072,면목3·8동,서울특별시 중랑구 면목3·8동
11000,11070,1107073,망우본동,서울특별시 중랑구 망우본동
11000,11080,1108058,돈암1동,서울특별시 성북구 돈암1동
11000,11080,1108059,돈암2동,서울특별시 성북구 돈암2동
11000,11080,1108060,안암동,서울특별시 성북구 안암동
11000,11080,1108061,보문동,서울특별시 성북구 보문동
11000,11080,1108062,정릉1동,서울특별시 성북구 정릉1동
11000,11080,1108063,정릉2동,서울특별시 성북구 정릉2동
11000,11080,1108064,정릉3동,서울특별시 성북구 정릉3동
11000,11080,1108065,정릉4동,서울특별시 성북구 정릉4동
11000,11080,1108066,길음1동,서울특별시 성북구 길음1동
11000,11080,1108068,길음2동,서울특별시 성북구 길음2동
11000,11080,1108071,월곡1동,서울특별시 성북구 월곡1동
11000,11080,1108072,월곡2동,서울특별시 성북구 월곡2동
11000,11080,1108076,장위1동,서울특별시 성북구 장위1동
11000,11080,1108077,장위2동,서울특별시 성북구 장위2동
11000,11080,1108078,장위3동,서울특별시 성북구 장위3동
11000,11080,1108081,성북동,서울특별시 성북구 성북동
11000,11080,1108082,삼선동,서울특별시 성북구 삼선동
11000,11080,1108083,동선동,서울특별시 성북구 동선동
11000,11080,1108084,종암동,서울특별시 성북구 종암동
11000,11080,1108085,석관동,서울특별시 성북구 석관동
11000,11090,1109060,번1동,서울특별시 강북구 번1동
11000,11090,1109061,번2동,서울특별시 강북구 번2동
11000,11090,1109062,번3동,서울특별시 강북구 번3동
11000,11090,1109063,수유1동,서울특별시 강북구 수유1동
11000,11090,1109064,수유2동,서울특별시 강북구 수유2동
11000,11090,1109065,수유3동,서울특별시 강북구 수유3동
11000,11090,1109069,삼양동,서울특별시 강북구 삼양동
11000,11090,1109070,미아동,서울특별시 강북구 미아동
11000,11090,1109071,송중동,서울특별시 강북구 송중동
11000,11090,1109072,송천동,서울특별시 강북구 송천동
11000,11090,1109073,삼각산동,서울특별시 강북구 삼각산동
11000,11090,1109074,우이동,서울특별시 강북구 우이동
11000,11090,1109075,인수동,서울특별시 강북구 인수동
11000,11100,1110051,쌍문1동,서울특별시 도봉구 쌍문1동
11000,11100,1110052,쌍문2동,서울특별시 도봉구 쌍문2동
11000,11100,1110053,쌍문3동,서울특별시 도봉구 쌍문3동
11000,11100,1110054,쌍문4동,서울특별시 도봉구 쌍문4동
11000,11100,1110055,방학1동,서울특별시 도봉구 방학1동
11000,11100,1110056,방학2동,서울특별시 도봉구 방학2동
11000,11100,1110057,방학3동,서울특별시 도봉구 방학3동
11000,11100,1110059,창1동,서울특별시 도봉구 창1동
11000,11100,1110060,창2동,서울특별시 도봉구 창2동
11000,11100,1110061,창3동,서울특별시 도봉구 창3동
11000,11100,1110062,창4동,서울특별시 도봉구 창4동
11000,11100,1110063,창5동,서울특별시 도봉구 창5동
11000,11100,1110064,도봉1동,서울특별시 도봉구 도봉1동
11000,11100,1110065,도봉2동,서울특별시 도봉구 도봉2동
11000,11110,1111051,월계1동,서울특별시 노원구 월계1동
11000,11110,1111052,월계2동,서울특별시 노원구 월계2동
11000,11110,1111053,월계3동,서울특별시 노원구 월계3동
11000,11110,1111056,공릉2동,서울특별시 노원구 공릉2동
11000,11110,1111058,하계1동,서울특별시 노원구 하계1동
11000,11110,1111059,하계2동,서울특별시 노원구 하계2동
11000,11110,1111060,중계본동,서울특별시 노원구 중계본동
11000,11110,1111061,중계1동,서울특별시 노원구 중계1동
11000,11110,1111064,중계4동,서울특별시 노원구 중계4동
11000,11110,1111065,상계1동,서울특별시 노원구 상계1동
11000,11110,1111066,상계2동,서울특별시 노원구 상계2동
11000,11110,1111069,상계5동,서울특별시 노원구 상계5동
11000,11110,1111072,상계8동,서울특별시 노원구 상계8동
11000,11110,1111073,상계9동,서울특별시 노원구 상계9동
11000,11110,1111074,상계10동,서울특별시 노원구 상계10동
11000,11110,1111076,상계3·4동,서울특별시 노원구 상계3·4동
11000,11110,1111077,상계6·7동,서울특별시 노원구 상계6·7동
11000,11110,1111078,중계2·3동,서울특별시 노원구 중계2·3동
11000,11110,1111079,공릉1동,서울특별시 노원구 공릉1동
11000,11120,1112051,녹번동,서울특별시 은평구 녹번동
11000,11120,1112052,불광1동,서울특별시 은평구 불광1동
11000,11120,1112055,갈현1동,서울특별시 은평구 갈현1동
11000,11120,1112056,갈현2동,서울특별시 은평구 갈현2동
11000,11120,1112057,구산동,서울특별시 은평구 구산동
11000,11120,1112058,대조동,서울특별시 은평구 대조동
11000,11120,1112059,응암1동,서울특별시 은평구 응암1동
11000,11120,1112060,응암2동,서울특별시 은평구 응암2동
11000,11120,1112065,신사1동,서울특별시 은평구 신사1동
11000,11120,1112066,신사2동,서울특별시 은평구 신사2동
11000,11120,1112067,증산동,서울특별시 은평구 증산동
11000,11120,1112068,수색동,서울특별시 은평구 수색동
11000,11120,1112071,진관동,서울특별시 은평구 진관동
11000,11120,1112072,불광2동,서울특별시 은평구 불광2동
11000,11120,1112073,응암3동,서울특별시 은평구 응암3동
11000,11120,1112074,역촌동,서울특별시 은평구 역촌동
11000,11130,1113052,천연동,서울특별시 서대문구 천연동
11000,11130,1113062,홍제1동,서울특별시 서대문구 홍제1동
11000,11130,1113064,홍제3동,서울특별시 서대문구 홍제3동
11000,11130,1113065,홍제2동,서울특별시 서대문구 홍제2동
11000,11130,1113066,홍은1동,서울특별시 서대문구 홍은1동
11000,11130,1113068,홍은2동,서울특별시 서대문구 홍은2동
11000,11130,1113069,남가좌1동,서울특별시 서대문구 남가좌1동
11000,11130,1113070,남가좌2동,서울특별시 서대문구 남가좌2동
11000,11130,1113071,북가좌1동,서울특별시 서대문구 북가좌1동
11000,11130,1113072,북가좌2동,서울특별시 서대문구 북가좌2동
11000,11130,1113073,충현동,서울특별시 서대문구 충현동
11000,11130,1113074,북아현동,서울특별시 서대문구 북아현동
11000,11130,1113075,신촌동,서울특별시 서대문구 신촌동
11000,11130,1113076,연희동,서울특별시 서대문구 연희동
11000,11140,1114059,용강동,서울특별시 마포구 용강동
11000,11140,1114060,대흥동,서울특별시 마포구 대흥동
11000,11140,1114061,염리동,서울특별시 마포구 염리동
11000,11140,1114063,신수동,서울특별시 마포구 신수동
11000,11140,1114066,서교동,서울특별시 마포구 서교동
11000,11140,1114068,합정동,서울특별시 마포구 합정동
11000,11140,1114069,망원1동,서울특별시 마포구 망원1동
11000,11140,1114070,망원2동,서울특별시 마포구 망원2동
11000,11140,1114071,연남동,서울특별시 마포구 연남동
11000,11140,1114072,성산1동,서울특별시 마포구 성산1동
11000,11140,1114073,성산2동,서울특별시 마포구 성산2동
11000,11140,1114074,상암동,서울특별시 마포구 상암동
11000,11140,1114075,도화동,서울특별시 마포구 도화동
11000,11140,1114076,서강동,서울특별시 마포구 서강동
11000,11140,1114077,공덕동,서울특별시 마포구 공덕동
11000,11140,1114078,아현동,서울특별시 마포구 아현동
11000,11150,1115051,목1동,서울특별시 양천구 목1동
11000,11150,1115052,목2동,서울특별시 양천구 목2동
11000,11150,1115053,목3동,서울특별시 양천구 목3동
11000,11150,1115054,목4동,서울특별시 양천구 목4동
11000,11150,1115057,신월1동,서울특별시 양천구 신월1동
11000,11150,1115058,신월2동,서울특별시 양천구 신월2동
11000,11150,1115059,신월3동,서울특별시 양천구 신월3동
11000,11150,1115060,신월4동,서울특별시 양천구 신월4동
11000,11150,1115061,신월5동,서울특별시 양천구 신월5동
11000,11150,1115062,신월6동,서울특별시 양천구 신월6동
11000,11150,1115063,신월7동,서울특별시 양천구 신월7동
11000,11150,1115064,신정1동,서울특별시 양천구 신정1동
11000,11150,1115065,신정2동,서울특별시 양천구 신정2동
11000,11150,1115066,신정3동,서울특별시 양천구 신정3동
11000,11150,1115069,신정6동,서울특별시 양천구 신정6동
11000,11150,1115070,신정7동,서울특별시 양천구 신정7동
11000,11150,1115071,목5동,서울특별시 양천구 목5동
11000,11150,1115072,신정4동,서울특별시 양천구 신정4동
11000,11160,1116051,염창동,서울특별시 강서구 염창동
11000,11160,1116052,등촌1동,서울특별시 강서구 등촌1동
11000,11160,1116053,등촌2동,서울특별시 강서구 등촌2동
11000,11160,1116054,등촌3동,서울특별시 강서구 등촌3동
11000,11160,1116055,화곡본동,서울특별시 강서구 화곡본동
11000,11160,1116057,화곡2동,서울특별시 강서구 화곡2동
11000,11160,1116058,화곡3동,서울특별시 강서구 화곡3동
11000,11160,1116059,화곡4동,서울특별시 강서구 화곡4동
11000,11160,1116061,화곡6동,서울특별시 강서구 화곡6동
11000,11160,1116063,화곡8동,서울특별시 강서구 화곡8동
11000,11160,1116064,가양1동,서울특별시 강서구 가양1동
11000,11160,1116065,가양2동,서울특별시 강서구 가양2동
11000,11160,1116066,가양3동,서울특별시 강서구 가양3동
11000,11160,1116067,발산1동,서울특별시 강서구 발산1동
11000,11160,1116069,공항동,서울특별시 강서구 공항동
11000,11160,1116070,방화1동,서울특별시 강서구 방화1동
11000,11160,1116071,방화2동,서울특별시 강서구 방화2동
11000,11160,1116072,방화3동,서울특별시 강서구 방화3동
11000,11160,1116073,화곡1동,서울특별시 강서구 화곡1동
11000,11160,1116074,우장산동,서울특별시 강서구 우장산동
11000,11170,1117051,신도림동,서울특별시 구로구 신도림동
11000,11170,1117052,구로1동,서울특별시 구로구 구로1동
11000,11170,1117054,구로3동,서울특별시 구로구 구로3동
11000,11170,1117055,구로4동,서울특별시 구로구 구로4동
11000,11170,1117056,구로5동,서울특별시 구로구 구로5동
11000,11170,1117061,고척1동,서울특별시 구로구 고척1동
11000,11170,1117062,고척2동,서울특별시 구로구 고척2동
11000,11170,1117064,개봉2동,서울특별시 구로구 개봉2동
11000,11170,1117065,개봉3동,서울특별시 구로구 개봉3동
11000,11170,1117067,오류1동,서울특별시 구로구 오류1동
11000,11170,1117068,오류2동,서울특별시 구로구 오류2동
11000,11170,1117069,수궁동,서울특별시 구로구 수궁동
11000,11170,1117070,가리봉동,서울특별시 구로구 가리봉동
11000,11170,1117071,구로2동,서울특별시 구로구 구로2동
11000,11170,1117072,개봉1동,서울특별시 구로구 개봉1동
11000,11180,1118051,가산동,서울특별시 금천구 가산동
11000,11180,1118052,독산1동,서울특별시 금천구 독산1동
11000,11180,1118053,독산2동,서울특별시 금천구 독산2동
11000,11180,1118054,독산3동,서울특별시 금천구 독산3동
11000,11180,1118055,독산4동,서울특별시 금천구 독산4동
11000,11180,1118057,시흥1동,서울특별시 금천구 시흥1동
11000,11180,1118058,시흥2동,서울특별시 금천구 시흥2동
11000,11180,1118059,시흥3동,서울특별시 금천구 시흥3동
11000,11180,1118060,시흥4동,서울특별시 금천구 시흥4동
11000,11180,1118061,시흥5동,서울특별시 금천구 시흥5동
11000,11190,1119054,여의동,서울특별시 영등포구 여의동
11000,11190,1119055,당산1동,서울특별시 영등포구 당산1동
11000,11190,1119056,당산2동,서울특별시 영등포구 당산2동
11000,11190,1119061,양평1동,서울특별시 영등포구 양평1동
11000,11190,1119062,양평2동,서울특별시 영등포구 양평2동
11000,11190,1119063,신길1동,서울특별시 영등포구 신길1동
11000,11190,1119065,신길3동,서울특별시 영등포구 신길3동
11000,11190,1119066,신길4동,서울특별시 영등포구 신길4동
11000,11190,1119067,신길5동,서울특별시 영등포구 신길5동
11000,11190,1119068,신길6동,서울특별시 영등포구 신길6동
11000,11190,1119069,신길7동,서울특별시 영등포구 신길7동
11000,11190,1119070,대림1동,서울특별시 영등포구 대림1동
11000,11190,1119071,대림2동,서울특별시 영등포구 대림2동
11000,11190,1119072,대림3동,서울특별시 영등포구 대림3동
11000,11190,1119073,영등포본동,서울특별시 영등포구 영등포본동
11000,11190,1119074,영등포동,서울특별시 영등포구 영등포동
11000,11190,1119075,도림동,서울특별시 영등포구 도림동
11000,11190,1119076,문래동,서울특별시 영등포구 문래동
11000,11200,1120052,노량진2동,서울특별시 동작구 노량진2동
11000,11200,1120053,상도1동,서울특별시 동작구 상도1동
11000,11200,1120054,상도2동,서울특별시 동작구 상도2동
11000,11200,1120055,상도3동,서울특별시 동작구 상도3동
11000,11200,1120056,상도4동,서울특별시 동작구 상도4동
11000,11200,1120063,사당1동,서울특별시 동작구 사당1동
11000,11200,1120065,사당3동,서울특별시 동작구 사당3동
11000,11200,1120066,사당4동,서울특별시 동작구 사당4동
11000,11200,1120067,사당5동,서울특별시 동작구 사당5동
11000,11200,1120068,대방동,서울특별시 동작구 대방동
11000,11200,1120069,신대방1동,서울특별시 동작구 신대방1동
11000,11200,1120070,신대방2동,서울특별시 동작구 신대방2동
11000,11200,1120071,흑석동,서울특별시 동작구 흑석동
11000,11200,1120072,노량진1동,서울특별시 동작구 노량진1동
11000,11200,1120073,사당2동,서울특별시 동작구 사당2동
11000,11210,1121052,보라매동,서울특별시 관악구 보라매동
11000,11210,1121054,청림동,서울특별시 관악구 청림동
11000,11210,1121057,행운동,서울특별시 관악구 행운동
11000,11210,1121058,낙성대동,서울특별시 관악구 낙성대동
11000,11210,1121061,중앙동,서울특별시 관악구 중앙동
11000,11210,1121062,인헌동,서울특별시 관악구 인헌동
11000,11210,1121063,남현동,서울특별시 관악구 남현동
11000,11210,1121064,서원동,서울특별시 관악구 서원동
11000,11210,1121065,신원동,서울특별시 관악구 신원동
11000,11210,1121066,서림동,서울특별시 관악구 서림동
11000,11210,1121068,신사동,서울특별시 관악구 신사동
11000,11210,1121069,신림동,서울특별시 관악구 신림동
11000,11210,1121071,난향동,서울특별시 관악구 난향동
11000,11210,1121072,조원동,서울특별시 관악구 조원동
11000,11210,1121073,대학동,서울특별시 관악구 대학동
11000,11210,1121078,은천동,서울특별시 관악구 은천동
11000,11210,1121079,성현동,서울특별시 관악구 성현동
11000,11210,1121080,청룡동,서울특별시 관악구 청룡동
11000,11210,1121081,난곡동,서울특별시 관악구 난곡동
11000,11210,1121082,삼성동,서울특별시 관악구 삼성동
11000,11210,1121083,미성동,서울특별시 관악구 미성동
11000,11220,1122051,서초1동,서울특별시 서초구 서초1동
11000,11220,1122052,서초2동,서울특별시 서초구 서초2동
11000,11220,1122053,서초3동,서울특별시 서초구 서초3동
11000,11220,1122054,서초4동,서울특별시 서초구 서초4동
11000,11220,1122055,잠원동,서울특별시 서초구 잠원동
11000,11220,1122056,반포본동,서울특별시 서초구 반포본동
11000,11220,1122057,반포1동,서울특별시 서초구 반포1동
11000,11220,1122058,반포2동,서울특별시 서초구 반포2동
11000,11220,1122059,반포3동,서울특별시 서초구 반포3동
11000,11220,1122060,반포4동,서울특별시 서초구 반포4동
11000,11220,1122061,방배본동,서울특별시 서초구 방배본동
11000,11220,1122062,방배1동,서울특별시 서초구 방배1동
11000,11220,1122063,방배2동,서울특별시 서초구 방배2동
11000,11220,1122064,방배3동,서울특별시 서초구 방배3동
11000,11220,1122065,방배4동,서울특별시 서초구 방배4동
11000,11220,1122066,양재1동,서울특별시 서초구 양재1동
11000,11220,1122067,양재2동,서울특별시 서초구 양재2동
11000,11220,1122068,내곡동,서울특별시 서초구 내곡동
11000,11230,1123051,신사동,서울특별시 강남구 신사동
11000,11230,1123052,논현1동,서울특별시 강남구 논현1동
11000,11230,1123053,논현2동,서울특별시 강남구 논현2동
11000,11230,1123058,삼성1동,서울특별시 강남구 삼성1동
11000,11230,1123059,삼성2동,서울특별시 강남구 삼성2동
11000,11230,1123060,대치1동,서울특별시 강남구 대치1동
11000,11230,1123063,대치4동,서울특별시 강남구 대치4동
11000,11230,1123064,역삼1동,서울특별시 강남구 역삼1동
11000,11230,1123065,역삼2동,서울특별시 강남구 역삼2동
11000,11230,1123066,도곡1동,서울특별시 강남구 도곡1동
11000,11230,1123067,도곡2동,서울특별시 강남구 도곡2동
11000,11230,1123068,개포1동,서울특별시 강남구 개포1동
11000,11230,1123071,개포4동,서울특별시 강남구 개포4동
11000,11230,1123072,일원본동,서울특별시 강남구 일원본동
11000,11230,1123073,일원1동,서울특별시 강남구 일원1동
11000,11230,1123074,일원2동,서울특별시 강남구 일원2동
11000,11230,1123075,수서동,서울특별시 강남구 수서동
11000,11230,1123076,세곡동,서울특별시 강남구 세곡동
11000,11230,1123077,압구정동,서울특별시 강남구 압구정동
11000,11230,1123078,청담동,서울특별시 강남구 청담동
11000,11230,1123079,대치2동,서울특별시 강남구 대치2동
11000,11230,1123080,개포2동,서울특별시 강남구 개포2동
11000,11240,1124051,풍납1동,서울특별시 송파구 풍납1동
11000,11240,1124052,풍납2동,서울특별시 송파구 풍납2동
11000,11240,1124053,거여1동,서울특별시 송파구 거여1동
11000,11240,1124054,거여2동,서울특별시 송파구 거여2동
11000,11240,1124055,마천1동,서울특별시 송파구 마천1동
11000,11240,1124056,마천2동,서울특별시 송파구 마천2동
11000,11240,1124057,방이1동,서울특별시 송파구 방이1동
11000,11240,1124058,방이2동,서울특별시 송파구 방이2동
11000,11240,1124059,오륜동,서울특별시 송파구 오륜동
11000,11240,1124060,오금동,서울특별시 송파구 오금동
11000,11240,1124061,송파1동,서울특별시 송파구 송파1동
11000,11240,1124062,송파2동,서울특별시 송파구 송파2동
11000,11240,1124063,석촌동,서울특별시 송파구 석촌동
11000,11240,1124064,삼전동,서울특별시 송파구 삼전동
11000,11240,1124065,가락본동,서울특별시 송파구 가락본동
11000,11240,1124066,가락1동,서울특별시 송파구 가락1동
11000,11240,1124067,가락2동,서울특별시 송파구 가락2동
11000,11240,1124068,문정1동,서울특별시 송파구 문정1동
11000,11240,1124069,문정2동,서울특별시 송파구 문정2동
11000,11240,1124071,잠실본동,서울특별시 송파구 잠실본동
11000,11240,1124075,잠실4동,서울특별시 송파구 잠실4동
11000,11240,1124077,잠실6동,서울특별시 송파구 잠실6동
11000,11240,1124078,잠실7동,서울특별시 송파구 잠실7동
11000,11240,1124079,잠실2동,서울특별시 송파구 잠실2동
11000,11240,1124080,잠실3동,서울특별시 송파구 잠실3동
11000,11240,1124081,장지동,서울특별시 송파구 장지동
11000,11240,1124082,위례동,서울특별시 송파구 위례동
11000,11250,1125051,강일동,서울특별시 강동구 강일동
11000,11250,1125052,상일동,서울특별시 강동구 상일동
11000,11250,1125053,명일1동,서울특별시 강동구 명일1동
11000,11250,1125054,명일2동,서울특별시 강동구 명일2동
11000,11250,1125055,고덕1동,서울특별시 강동구 고덕1동
11000,11250,1125056,고덕2동,서울특별시 강동구 고덕2동
11000,11250,1125058,암사2동,서울특별시 강동구 암사2동
11000,11250,1125059,암사3동,서울특별시 강동구 암사3동
11000,11250,1125061,천호1동,서울특별시 강동구 천호1동
11000,11250,1125063,천호3동,서울특별시 강동구 천호3동
11000,11250,1125065,성내1동,서울특별시 강동구 성내1동
11000,11250,1125066,성내2동,서울특별시 강동구 성내2동
11000,11250,1125067,성내3동,서울특별시 강동구 성내3동
11000,11250,1125070,둔촌1동,서울특별시 강동구 둔촌1동
11000,11250,1125071,둔촌2동,서울특별시 강동구 둔촌2동
11000,11250,1125072,암사1동,서울특별시 강동구 암사1동
11000,11250,1125073,천호2동,서울특별시 강동구 천호2동
11000,11250,1125074,길동,서울특별시 강동구 길동
21000,21000,21000,부산광역시,부산광역시
22000,22000,22000,대구광역시,대구광역시
23000,23010,2301052,연안동,인천광역시 중구 연안동
23000,23010,2301053,신포동,인천광역시 중구 신포동
23000,23010,2301054,신흥동,인천광역시 중구 신흥동
23000,23010,2301056,도원동,인천광역시 중구 도원동
23000,23010,2301057,율목동,인천광역시 중구 율목동
23000,23010,2301058,동인천동,인천광역시 중구 동인천동
23000,23010,2301060,북성동,인천광역시 중구 북성동
23000,23010,2301061,송월동,인천광역시 중구 송월동
23000,23010,2301063,용유동,인천광역시 중구 용유동
23000,23010,2301064,운서동,인천광역시 중구 운서동
23000,23010,2301065,영종동,인천광역시 중구 영종동
23000,23010,2301066,영종1동,인천광역시 중구 영종1동
23000,23020,2302051,만석동,인천광역시 동구 만석동
23000,23020,2302052,화수1·화평동,인천광역시 동구 화수1·화평동
23000,23020,2302053,화수2동,인천광역시 동구 화수2동
23000,23020,2302055,송현1·2동,인천광역시 동구 송현1·2동
23000,23020,2302057,송현3동,인천광역시 동구 송현3동
23000,23020,2302058,송림1동,인천광역시 동구 송림1동
23000,23020,2302059,송림2동,인천광역시 동구 송림2동
23000,23020,2302060,송림3·5동,인천광역시 동구 송림3·5동
23000,23020,2302061,송림4동,인천광역시 동구 송림4동
23000,23020,2302063,송림6동,인천광역시 동구 송림6동
23000,23020,2302064,금창동,인천광역시 동구 금창동
23000,23030,2303052,숭의2동,인천광역시 남구 숭의2동
23000,23030,2303054,숭의4동,인천광역시 남구 숭의4동
23000,23030,2303056,용현2동,인천광역시 남구 용현2동
23000,23030,2303057,용현3동,인천광역시 남구 용현3동
23000,23030,2303059,용현5동,인천광역시 남구 용현5동
23000,23030,2303060,학익1동,인천광역시 남구 학익1동
23000,23030,2303061,학익2동,인천광역시 남구 학익2동
23000,23030,2303062,도화1동,인천광역시 남구 도화1동
23000,23030,2303065,주안1동,인천광역시 남구 주안1동
23000,23030,2303066,주안2동,인천광역시 남구 주안2동
23000,23030,2303067,주안3동,인천광역시 남구 주안3동
23000,23030,2303068,주안4동,인천광역시 남구 주안4동
23000,23030,2303069,주안5동,인천광역시 남구 주안5동
23000,23030,2303070,주안6동,인천광역시 남구 주안6동
23000,23030,2303071,주안7동,인천광역시 남구 주안7동
23000,23030,2303072,주안8동,인천광역시 남구 주안8동
23000,23030,2303073,관교동,인천광역시 남구 관교동
23000,23030,2303074,문학동,인천광역시 남구 문학동
23000,23030,2303075,숭의1·3동,인천광역시 남구 숭의1·3동
23000,23030,2303076,용현1·4동,인천광역시 남구 용현1·4동
23000,23030,2303077,도화2·3동,인천광역시 남구 도화2·3동
23000,23040,2304051,옥련1동,인천광역시 연수구 옥련1동
23000,23040,2304052,선학동,인천광역시 연수구 선학동
23000,23040,2304053,연수1동,인천광역시 연수구 연수1동
23000,23040,2304054,연수2동,인천광역시 연수구 연수2동
23000,23040,2304055,연수3동,인천광역시 연수구 연수3동
23000,23040,2304056,청학동,인천광역시 연수구 청학동
23000,23040,2304057,동춘1동,인천광역시 연수구 동춘1동
23000,23040,2304058,동춘2동,인천광역시 연수구 동춘2동
23000,23040,2304059,동춘3동,인천광역시 연수구 동춘3동
23000,23040,2304060,옥련2동,인천광역시 연수구 옥련2동
23000,23040,2304063,송도2동,인천광역시 연수구 송도2동
23000,23040,2304064,송도1동,인천광역시 연수구 송도1동
23000,23040,2304065,송도3동,인천광역시 연수구 송도3동
23000,23050,2305051,구월1동,인천광역시 남동구 구월1동
23000,23050,2305052,구월2동,인천광역시 남동구 구월2동
23000,23050,2305053,구월3동,인천광역시 남동구 구월3동
23000,23050,2305054,구월4동,인천광역시 남동구 구월4동
23000,23050,2305055,간석1동,인천광역시 남동구 간석1동
23000,23050,2305056,간석2동,인천광역시 남동구 간석2동
23000,23050,2305057,간석3동,인천광역시 남동구 간석3동
23000,23050,2305058,간석4동,인천광역시 남동구 간석4동
23000,23050,2305059,만수1동,인천광역시 남동구 만수1동
23000,23050,2305060,만수2동,인천광역시 남동구 만수2동
23000,23050,2305061,만수3동,인천광역시 남동구 만수3동
23000,23050,2305062,만수4동,인천광역시 남동구 만수4동
23000,23050,2305063,만수5동,인천광역시 남동구 만수5동
23000,23050,2305064,만수6동,인천광역시 남동구 만수6동
23000,23050,2305065,장수서창동,인천광역시 남동구 장수서창동
23000,23050,2305067,남촌도림동,인천광역시 남동구 남촌도림동
23000,23050,2305072,논현1동,인천광역시 남동구 논현1동
23000,23050,2305073,논현2동,인천광역시 남동구 논현2동
23000,23050,2305074,논현고잔동,인천광역시 남동구 논현고잔동
23000,23060,2306051,부평1동,인천광역시 부평구 부평1동
23000,23060,2306052,부평2동,인천광역시 부평구 부평2동
23000,23060,2306053,부평3동,인천광역시 부평구 부평3동
23000,23060,2306054,부평4동,인천광역시 부평구 부평4동
23000,23060,2306055,부평5동,인천광역시 부평구 부평5동
23000,23060,2306056,부평6동,인천광역시 부평구 부평6동
23000,23060,2306057,산곡1동,인천광역시 부평구 산곡1동
23000,23060,2306058,산곡2동,인천광역시 부평구 산곡2동
23000,23060,2306059,산곡3동,인천광역시 부평구 산곡3동
23000,23060,2306060,산곡4동,인천광역시 부평구 산곡4동
23000,23060,2306061,청천1동,인천광역시 부평구 청천1동
23000,23060,2306062,청천2동,인천광역시 부평구 청천2동
23000,23060,2306063,갈산1동,인천광역시 부평구 갈산1동
23000,23060,2306064,갈산2동,인천광역시 부평구 갈산2동
23000,23060,2306065,삼산1동,인천광역시 부평구 삼산1동
23000,23060,2306066,부개1동,인천광역시 부평구 부개1동
23000,23060,2306067,부개2동,인천광역시 부평구 부개2동
23000,23060,2306068,부개3동,인천광역시 부평구 부개3동
23000,23060,2306069,일신동,인천광역시 부평구 일신동
23000,23060,2306070,십정1동,인천광역시 부평구 십정1동
23000,23060,2306071,십정2동,인천광역시 부평구 십정2동
23000,23060,2306072,삼산2동,인천광역시 부평구 삼산2동
23000,23070,2307051,효성1동,인천광역시 계양구 효성1동
23000,23070,2307052,효성2동,인천광역시 계양구 효성2동
23000,23070,2307053,계산1동,인천광역시 계양구 계산1동
23000,23070,2307054,계산2동,인천광역시 계양구 계산2동
23000,23070,2307055,계산3동,인천광역시 계양구 계산3동
23000,23070,2307056,작전1동,인천광역시 계양구 작전1동
23000,23070,2307057,작전2동,인천광역시 계양구 작전2동
23000,23070,2307058,작전서운동,인천광역시 계양구 작전서운동
23000,23070,2307061,계양2동,인천광역시 계양구 계양2동
23000,23070,2307062,계산4동,인천광역시 계양구 계산4동
23000,23070,2307063,계양1동,인천광역시 계양구 계양1동
23000,23070,2307064,계양3동,인천광역시 계양구 계양3동
23000,23080,2308051,검암경서동,인천광역시 서구 검암경서동
23000,23080,2308053,연희동,인천광역시 서구 연희동
23000,23080,2308054,가정1동,인천광역시 서구 가정1동
23000,23080,2308055,가정2동,인천광역시 서구 가정2동
23000,23080,2308056,가정3동,인천광역시 서구 가정3동
23000,23080,2308058,석남1동,인천광역시 서구 석남1동
23000,23080,2308059,석남2동,인천광역시 서구 석남2동
23000,23080,2308060,석남3동,인천광역시 서구 석남3동
23000,23080,2308062,가좌1동,인천광역시 서구 가좌1동
23000,23080,2308063,가좌2동,인천광역시 서구 가좌2동
23000,23080,2308064,가좌3동,인천광역시 서구 가좌3동
23000,23080,2308065,가좌4동,인천광역시 서구 가좌4동
23000,23080,2308069,검단2동,인천광역시 서구 검단2동
23000,23080,2308070,검단3동,인천광역시 서구 검단3동
23000,23080,2308071,검단4동,인천광역시 서구 검단4동
23000,23080,2308073,신현원창동,인천광역시 서구 신현원창동
23000,23080,2308074,청라1동,인천광역시 서구 청라1동
23000,23080,2308076,검단1동,인천광역시 서구 검단1동
23000,23080,2308077,검단5동,인천광역시 서구 검단5동
23000,23080,2308078,청라2동,인천광역시 서구 청라2동
23000,23080,2308079,청라3동,인천광역시 서구 청라3동
23000,23310,2331011,강화읍,인천광역시 강화군 강화읍
23000,23310,2331031,선원면,인천광역시 강화군 선원면
23000,23310,2331032,불은면,인천광역시 강화군 불은면
23000,23310,2331033,길상면,인천광역시 강화군 길상면
23000,23310,2331034,화도면,인천광역시 강화군 화도면
23000,23310,2331035,양도면,인천광역시 강화군 양도면
23000,23310,2331036,내가면,인천광역시 강화군 내가면
23000,23310,2331037,하점면,인천광역시 강화군 하점면
23000,23310,2331038,양사면,인천광역시 강화군 양사면
23000,23310,2331039,송해면,인천광역시 강화군 송해면
23000,23310,2331040,교동면,인천광역시 강화군 교동면
23000,23310,2331041,삼산면,인천광역시 강화군 삼산면
23000,23310,2331042,서도면,인천광역시 강화군 서도면
23000,23320,2332031,북도면,인천광역시 옹진군 북도면
23000,23320,2332032,연평면,인천광역시 옹진군 연평면
23000,23320,2332033,백령면,인천광역시 옹진군 백령면
23000,23320,2332034,대청면,인천광역시 옹진군 대청면
23000,23320,2332035,덕적면,인천광역시 옹진군 덕적면
23000,23320,2332036,자월면,인천광역시 옹진군 자월면
23000,23320,2332037,영흥면,인천광역시 옹진군 영흥면
24000,24000,24000,광주광역시,광주광역시
25000,25000,25000,대전광역시,대전광역시
26000,26000,26000,울산광역시,울산광역시
29000,29000,29000,세종특별자치시,세종특별자치시
31000,31011,3101154,파장동,경기도 수원시 장안구 파장동
31000,31011,3101155,율천동,경기도 수원시 장안구 율천동
31000,31011,3101156,정자1동,경기도 수원시 장안구 정자1동
31000,31011,3101157,정자2동,경기도 수원시 장안구 정자2동
31000,31011,3101158,영화동,경기도 수원시 장안구 영화동
31000,31011,3101159,송죽동,경기도 수원시 장안구 송죽동
31000,31011,3101160,조원1동,경기도 수원시 장안구 조원1동
31000,31011,3101161,연무동,경기도 수원시 장안구 연무동
31000,31011,3101162,정자3동,경기도 수원시 장안구 정자3동
31000,31011,3101163,조원2동,경기도 수원시 장안구 조원2동
31000,31012,3101252,세류1동,경기도 수원시 권선구 세류1동
31000,31012,3101253,세류2동,경기도 수원시 권선구 세류2동
31000,31012,3101254,세류3동,경기도 수원시 권선구 세류3동
31000,31012,3101255,평동,경기도 수원시 권선구 평동
31000,31012,3101256,서둔동,경기도 수원시 권선구 서둔동
31000,31012,3101257,구운동,경기도 수원시 권선구 구운동
31000,31012,3101260,권선1동,경기도 수원시 권선구 권선1동
31000,31012,3101261,곡선동,경기도 수원시 권선구 곡선동
31000,31012,3101262,입북동,경기도 수원시 권선구 입북동
31000,31012,3101264,권선2동,경기도 수원시 권선구 권선2동
31000,31012,3101265,금곡동,경기도 수원시 권선구 금곡동
31000,31012,3101266,호매실동,경기도 수원시 권선구 호매실동
31000,31013,3101353,지동,경기도 수원시 팔달구 지동
31000,31013,3101354,우만1동,경기도 수원시 팔달구 우만1동
31000,31013,3101355,우만2동,경기도 수원시 팔달구 우만2동
31000,31013,3101356,인계동,경기도 수원시 팔달구 인계동
31000,31013,3101367,매교동,경기도 수원시 팔달구 매교동
31000,31013,3101368,매산동,경기도 수원시 팔달구 매산동
31000,31013,3101369,고등동,경기도 수원시 팔달구 고등동
31000,31013,3101370,화서1동,경기도 수원시 팔달구 화서1동
31000,31013,3101371,화서2동,경기도 수원시 팔달구 화서2동
31000,31013,3101372,행궁동,경기도 수원시 팔달구 행궁동
31000,31014,3101451,매탄1동,경기도 수원시 영통구 매탄1동
31000,31014,3101452,매탄2동,경기도 수원시 영통구 매탄2동
31000,31014,3101453,매탄3동,경기도 수원시 영통구 매탄3동
31000,31014,3101454,매탄4동,경기도 수원시 영통구 매탄4동
31000,31014,3101459,태장동,경기도 수원시 영통구 태장동
31000,31014,3101460,원천동,경기도 수원시 영통구 원천동
31000,31014,3101462,광교1동,경기도 수원시 영통구 광교1동
31000,31014,3101463,광교2동,경기도 수원시 영통구 광교2동
31000,31014,3101464,영통1동,경기도 수원시 영통구 영통1동
31000,31014,3101465,영통2동,경기도 수원시 영통구 영통2동
31000,31014,3101466,영통3동,경기도 수원시 영통구 영통3동
31000,31021,3102151,신흥1동,경기도 성남시 수정구 신흥1동
31000,31021,3102152,신흥2동,경기도 성남시 수정구 신흥2동
31000,31021,3102153,신흥3동,경기도 성남시 수정구 신흥3동
31000,31021,3102154,태평1동,경기도 성남시 수정구 태평1동
31000,31021,3102155,태평2동,경기도 성남시 수정구 태평2동
31000,31021,3102156,태평3동,경기도 성남시 수정구 태평3동
31000,31021,3102157,태평4동,경기도 성남시 수정구 태평4동
31000,31021,3102158,수진1동,경기도 성남시 수정구 수진1동
31000,31021,3102159,수진2동,경기도 성남시 수정구 수진2동
31000,31021,3102160,단대동,경기도 성남시 수정구 단대동
31000,31021,3102161,산성동,경기도 성남시 수정구 산성동
31000,31021,3102162,양지동,경기도 성남시 수정구 양지동
31000,31021,3102164,신촌동,경기도 성남시 수정구 신촌동
31000,31021,3102165,고등동,경기도 성남시 수정구 고등동
31000,31021,3102166,시흥동,경기도 성남시 수정구 시흥동
31000,31021,3102167,복정동,경기도 성남시 수정구 복정동
31000,31021,3102168,위례동,경기도 성남시 수정구 위례동
31000,31022,3102251,성남동,경기도 성남시 중원구 성남동
31000,31022,3102253,금광1동,경기도 성남시 중원구 금광1동
31000,31022,3102254,금광2동,경기도 성남시 중원구 금광2동
31000,31022,3102255,은행1동,경기도 성남시 중원구 은행1동
31000,31022,3102256,은행2동,경기도 성남시 중원구 은행2동
31000,31022,3102257,상대원1동,경기도 성남시 중원구 상대원1동
31000,31022,3102258,상대원2동,경기도 성남시 중원구 상대원2동
31000,31022,3102259,상대원3동,경기도 성남시 중원구 상대원3동
31000,31022,3102260,하대원동,경기도 성남시 중원구 하대원동
31000,31022,3102261,도촌동,경기도 성남시 중원구 도촌동
31000,31022,3102262,중앙동,경기도 성남시 중원구 중앙동
31000,31023,3102351,분당동,경기도 성남시 분당구 분당동
31000,31023,3102352,수내3동,경기도 성남시 분당구 수내3동
31000,31023,3102353,수내1동,경기도 성남시 분당구 수내1동
31000,31023,3102354,수내2동,경기도 성남시 분당구 수내2동
31000,31023,3102355,정자2동,경기도 성남시 분당구 정자2동
31000,31023,3102356,정자3동,경기도 성남시 분당구 정자3동
31000,31023,3102358,서현1동,경기도 성남시 분당구 서현1동
31000,31023,3102359,서현2동,경기도 성남시 분당구 서현2동
31000,31023,3102360,이매1동,경기도 성남시 분당구 이매1동
31000,31023,3102361,이매2동,경기도 성남시 분당구 이매2동
31000,31023,3102362,야탑1동,경기도 성남시 분당구 야탑1동
31000,31023,3102363,야탑3동,경기도 성남시 분당구 야탑3동
31000,31023,3102364,야탑2동,경기도 성남시 분당구 야탑2동
31000,31023,3102367,구미동,경기도 성남시 분당구 구미동
31000,31023,3102368,운중동,경기도 성남시 분당구 운중동
31000,31023,3102371,금곡동,경기도 성남시 분당구 금곡동
31000,31023,3102372,구미1동,경기도 성남시 분당구 구미1동
31000,31023,3102374,삼평동,경기도 성남시 분당구 삼평동
31000,31023,3102375,판교동,경기도 성남시 분당구 판교동
31000,31023,3102376,백현동,경기도 성남시 분당구 백현동
31000,31023,3102377,정자1동,경기도 성남시 분당구 정자1동
31000,31023,3102378,정자동,경기도 성남시 분당구 정자동
31000,31030,3103051,의정부1동,경기도 의정부시 의정부1동
31000,31030,3103052,의정부2동,경기도 의정부시 의정부2동
31000,31030,3103053,의정부3동,경기도 의정부시 의정부3동
31000,31030,3103055,호원1동,경기도 의정부시 호원1동
31000,31030,3103056,장암동,경기도 의정부시 장암동
31000,31030,3103057,신곡1동,경기도 의정부시 신곡1동
31000,31030,3103058,신곡2동,경기도 의정부시 신곡2동
31000,31030,3103059,송산1동,경기도 의정부시 송산1동
31000,31030,3103060,자금동,경기도 의정부시 자금동
31000,31030,3103061,가능1동,경기도 의정부시 가능1동
31000,31030,3103064,녹양동,경기도 의정부시 녹양동
31000,31030,3103065,호원2동,경기도 의정부시 호원2동
31000,31030,3103066,송산2동,경기도 의정부시 송산2동
31000,31030,3103067,흥선동,경기도 의정부시 흥선동
31000,31041,3104151,안양1동,경기도 안양시 만안구 안양1동
31000,31041,3104152,안양2동,경기도 안양시 만안구 안양2동
31000,31041,3104153,안양3동,경기도 안양시 만안구 안양3동
31000,31041,3104154,안양4동,경기도 안양시 만안구 안양4동
31000,31041,3104155,안양5동,경기도 안양시 만안구 안양5동
31000,31041,3104156,안양6동,경기도 안양시 만안구 안양6동
31000,31041,3104157,안양7동,경기도 안양시 만안구 안양7동
31000,31041,3104158,안양8동,경기도 안양시 만안구 안양8동
31000,31041,3104159,안양9동,경기도 안양시 만안구 안양9동
31000,31041,3104160,석수1동,경기도 안양시 만안구 석수1동
31000,31041,3104161,석수2동,경기도 안양시 만안구 석수2동
31000,31041,3104162,석수3동,경기도 안양시 만안구 석수3동
31000,31041,3104163,박달1동,경기도 안양시 만안구 박달1동
31000,31041,3104164,박달2동,경기도 안양시 만안구 박달2동
31000,31042,3104251,비산1동,경기도 안양시 동안구 비산1동
31000,31042,3104252,비산2동,경기도 안양시 동안구 비산2동
31000,31042,3104253,비산3동,경기도 안양시 동안구 비산3동
31000,31042,3104254,부흥동,경기도 안양시 동안구 부흥동
31000,31042,3104255,달안동,경기도 안양시 동안구 달안동
31000,31042,3104256,관양1동,경기도 안양시 동안구 관양1동
31000,31042,3104257,관양2동,경기도 안양시 동안구 관양2동
31000,31042,3104258,부림동,경기도 안양시 동안구 부림동
31000,31042,3104259,평촌동,경기도 안양시 동안구 평촌동
31000,31042,3104260,평안동,경기도 안양시 동안구 평안동
31000,31042,3104261,귀인동,경기도 안양시 동안구 귀인동
31000,31042,3104262,호계1동,경기도 안양시 동안구 호계1동
31000,31042,3104263,호계2동,경기도 안양시 동안구 호계2동
31000,31042,3104264,호계3동,경기도 안양시 동안구 호계3동
31000,31042,3104265,범계동,경기도 안양시 동안구 범계동
31000,31042,3104266,신촌동,경기도 안양시 동안구 신촌동
31000,31042,3104267,갈산동,경기도 안양시 동안구 갈산동
31000,31050,3105051,심곡2동,경기도 부천시 심곡2동
31000,31050,3105052,심곡1동,경기도 부천시 심곡1동
31000,31050,3105053,심곡3동,경기도 부천시 심곡3동
31000,31050,3105054,원미2동,경기도 부천시 원미2동
31000,31050,3105055,소사동,경기도 부천시 소사동
31000,31050,3105056,원미1동,경기도 부천시 원미1동
31000,31050,3105057,역곡1동,경기도 부천시 역곡1동
31000,31050,3105058,역곡2동,경기도 부천시 역곡2동
31000,31050,3105059,춘의동,경기도 부천시 춘의동
31000,31050,3105060,도당동,경기도 부천시 도당동
31000,31050,3105061,중동,경기도 부천시 중동
31000,31050,3105062,상동,경기도 부천시 상동
31000,31050,3105063,상1동,경기도 부천시 상1동
31000,31050,3105064,중4동,경기도 부천시 중4동
31000,31050,3105065,약대동,경기도 부천시 약대동
31000,31050,3105066,중1동,경기도 부천시 중1동
31000,31050,3105067,중2동,경기도 부천시 중2동
31000,31050,3105068,중3동,경기도 부천시 중3동
31000,31050,3105069,상2동,경기도 부천시 상2동
31000,31050,3105070,상3동,경기도 부천시 상3동
31000,31050,3105071,심곡본동,경기도 부천시 심곡본동
31000,31050,3105072,심곡본1동,경기도 부천시 심곡본1동
31000,31050,3105073,송내1동,경기도 부천시 송내1동
31000,31050,3105074,송내2동,경기도 부천시 송내2동
31000,31050,3105075,소사본동,경기도 부천시 소사본동
31000,31050,3105076,소사본3동,경기도 부천시 소사본3동
31000,31050,3105077,괴안동,경기도 부천시 괴안동
31000,31050,3105078,범박동,경기도 부천시 범박동
31000,31050,3105079,역곡3동,경기도 부천시 역곡3동
31000,31050,3105080,성곡동,경기도 부천시 성곡동
31000,31050,3105081,고강본동,경기도 부천시 고강본동
31000,31050,3105082,고강1동,경기도 부천시 고강1동
31000,31050,3105083,오정동,경기도 부천시 오정동
31000,31050,3105084,원종1동,경기도 부천시 원종1동
31000,31050,3105085,원종2동,경기도 부천시 원종2동
31000,31050,3105086,신흥동,경기도 부천시 신흥동
31000,31060,3106051,광명1동,경기도 광명시 광명1동
31000,31060,3106052,광명2동,경기도 광명시 광명2동
31000,31060,3106053,광명3동,경기도 광명시 광명3동
31000,31060,3106054,광명4동,경기도 광명시 광명4동
31000,31060,3106055,광명5동,경기도 광명시 광명5동
31000,31060,3106056,광명6동,경기도 광명시 광명6동
31000,31060,3106057,광명7동,경기도 광명시 광명7동
31000,31060,3106058,철산1동,경기도 광명시 철산1동
31000,31060,3106059,철산2동,경기도 광명시 철산2동
31000,31060,3106060,철산3동,경기도 광명시 철산3동
31000,31060,3106061,철산4동,경기도 광명시 철산4동
31000,31060,3106062,하안1동,경기도 광명시 하안1동
31000,31060,3106063,하안2동,경기도 광명시 하안2동
31000,31060,3106064,하안3동,경기도 광명시 하안3동
31000,31060,3106065,하안4동,경기도 광명시 하안4동
31000,31060,3106066,소하1동,경기도 광명시 소하1동
31000,31060,3106067,소하2동,경기도 광명시 소하2동
31000,31060,3106068,학온동,경기도 광명시 학온동
31000,31070,3107011,팽성읍,경기도 평택시 팽성읍
31000,31070,3107012,안중읍,경기도 평택시 안중읍
31000,31070,3107013,포승읍,경기도 평택시 포승읍
31000,31070,3107014,청북읍,경기도 평택시 청북읍
31000,31070,3107031,진위면,경기도 평택시 진위면
31000,31070,3107032,서탄면,경기도 평택시 서탄면
31000,31070,3107033,고덕면,경기도 평택시 고덕면
31000,31070,3107034,오성면,경기도 평택시 오성면
31000,31070,3107037,현덕면,경기도 평택시 현덕면
31000,31070,3107051,중앙동,경기도 평택시 중앙동
31000,31070,3107052,서정동,경기도 평택시 서정동
31000,31070,3107053,송탄동,경기도 평택시 송탄동
31000,31070,3107055,지산동,경기도 평택시 지산동
31000,31070,3107056,송북동,경기도 평택시 송북동
31000,31070,3107057,신장1동,경기도 평택시 신장1동
31000,31070,3107058,신장2동,경기도 평택시 신장2동
31000,31070,3107059,신평동,경기도 평택시 신평동
31000,31070,3107060,원평동,경기도 평택시 원평동
31000,31070,3107061,통복동,경기도 평택시 통복동
31000,31070,3107062,비전1동,경기도 평택시 비전1동
31000,31070,3107063,비전2동,경기도 평택시 비전2동
31000,31070,3107064,세교동,경기도 평택시 세교동
31000,31080,3108051,생연1동,경기도 동두천시 생연1동
31000,31080,3108052,생연2동,경기도 동두천시 생연2동
31000,31080,3108053,중앙동,경기도 동두천시 중앙동
31000,31080,3108055,보산동,경기도 동두천시 보산동
31000,31080,3108056,불현동,경기도 동두천시 불현동
31000,31080,3108058,소요동,경기도 동두천시 소요동
31000,31080,3108060,상패동,경기도 동두천시 상패동
31000,31080,3108061,송내동,경기도 동두천시 송내동
31000,31091,3109151,일동,경기도 안산시 상록구 일동
31000,31091,3109154,본오1동,경기도 안산시 상록구 본오1동
31000,31091,3109155,본오2동,경기도 안산시 상록구 본오2동
31000,31091,3109156,본오3동,경기도 안산시 상록구 본오3동
31000,31091,3109157,부곡동,경기도 안산시 상록구 부곡동
31000,31091,3109158,월피동,경기도 안산시 상록구 월피동
31000,31091,3109162,성포동,경기도 안산시 상록구 성포동
31000,31091,3109171,반월동,경기도 안산시 상록구 반월동
31000,31091,3109173,안산동,경기도 안산시 상록구 안산동
31000,31091,3109174,이동,경기도 안산시 상록구 이동
31000,31091,3109176,사동,경기도 안산시 상록구 사동
31000,31091,3109177,사이동,경기도 안산시 상록구 사이동
31000,31091,3109178,해양동,경기도 안산시 상록구 해양동
31000,31092,3109259,와동,경기도 안산시 단원구 와동
31000,31092,3109266,초지동,경기도 안산시 단원구 초지동
31000,31092,3109268,선부1동,경기도 안산시 단원구 선부1동
31000,31092,3109269,선부2동,경기도 안산시 단원구 선부2동
31000,31092,3109270,선부3동,경기도 안산시 단원구 선부3동
31000,31092,3109272,대부동,경기도 안산시 단원구 대부동
31000,31092,3109273,호수동,경기도 안산시 단원구 호수동
31000,31092,3109274,고잔동,경기도 안산시 단원구 고잔동
31000,31092,3109275,중앙동,경기도 안산시 단원구 중앙동
31000,31092,3109276,원곡동,경기도 안산시 단원구 원곡동
31000,31092,3109277,신길동,경기도 안산시 단원구 신길동
31000,31092,3109278,백운동,경기도 안산시 단원구 백운동
31000,31101,3110151,주교동,경기도 고양시 덕양구 주교동
31000,31101,3110152,원신동,경기도 고양시 덕양구 원신동
31000,31101,3110153,흥도동,경기도 고양시 덕양구 흥도동
31000,31101,3110154,성사1동,경기도 고양시 덕양구 성사1동
31000,31101,3110155,성사2동,경기도 고양시 덕양구 성사2동
31000,31101,3110156,효자동,경기도 고양시 덕양구 효자동
31000,31101,3110157,신도동,경기도 고양시 덕양구 신도동
31000,31101,3110158,창릉동,경기도 고양시 덕양구 창릉동
31000,31101,3110159,고양동,경기도 고양시 덕양구 고양동
31000,31101,3110160,관산동,경기도 고양시 덕양구 관산동
31000,31101,3110161,능곡동,경기도 고양시 덕양구 능곡동
31000,31101,3110162,화정1동,경기도 고양시 덕양구 화정1동
31000,31101,3110163,화정2동,경기도 고양시 덕양구 화정2동
31000,31101,3110164,행주동,경기도 고양시 덕양구 행주동
31000,31101,3110165,행신1동,경기도 고양시 덕양구 행신1동
31000,31101,3110166,행신2동,경기도 고양시 덕양구 행신2동
31000,31101,3110167,화전동,경기도 고양시 덕양구 화전동
31000,31101,3110168,대덕동,경기도 고양시 덕양구 대덕동
31000,31101,3110169,행신3동,경기도 고양시 덕양구 행신3동
31000,31103,3110351,식사동,경기도 고양시 일산동구 식사동
31000,31103,3110352,중산동,경기도 고양시 일산동구 중산동
31000,31103,3110353,정발산동,경기도 고양시 일산동구 정발산동
31000,31103,3110354,풍산동,경기도 고양시 일산동구 풍산동
31000,31103,3110355,백석1동,경기도 고양시 일산동구 백석1동
31000,31103,3110356,마두1동,경기도 고양시 일산동구 마두1동
31000,31103,3110357,마두2동,경기도 고양시 일산동구 마두2동
31000,31103,3110358,장항1동,경기도 고양시 일산동구 장항1동
31000,31103,3110359,장항2동,경기도 고양시 일산동구 장항2동
31000,31103,3110360,고봉동,경기도 고양시 일산동구 고봉동
31000,31103,3110361,백석2동,경기도 고양시 일산동구 백석2동
31000,31104,3110451,일산1동,경기도 고양시 일산서구 일산1동
31000,31104,3110452,일산2동,경기도 고양시 일산서구 일산2동
31000,31104,3110453,일산3동,경기도 고양시 일산서구 일산3동
31000,31104,3110454,탄현동,경기도 고양시 일산서구 탄현동
31000,31104,3110455,주엽1동,경기도 고양시 일산서구 주엽1동
31000,31104,3110456,주엽2동,경기도 고양시 일산서구 주엽2동
31000,31104,3110457,대화동,경기도 고양시 일산서구 대화동
31000,31104,3110458,송포동,경기도 고양시 일산서구 송포동
31000,31104,3110459,송산동,경기도 고양시 일산서구 송산동
31000,31110,3111051,중앙동,경기도 과천시 중앙동
31000,31110,3111052,갈현동,경기도 과천시 갈현동
31000,31110,3111053,별양동,경기도 과천시 별양동
31000,31110,3111054,부림동,경기도 과천시 부림동
31000,31110,3111055,과천동,경기도 과천시 과천동
31000,31110,3111056,문원동,경기도 과천시 문원동
31000,31120,3112051,갈매동,경기도 구리시 갈매동
31000,31120,3112052,동구동,경기도 구리시 동구동
31000,31120,3112053,인창동,경기도 구리시 인창동
31000,31120,3112054,교문1동,경기도 구리시 교문1동
31000,31120,3112055,교문2동,경기도 구리시 교문2동
31000,31120,3112056,수택1동,경기도 구리시 수택1동
31000,31120,3112057,수택2동,경기도 구리시 수택2동
31000,31120,3112058,수택3동,경기도 구리시 수택3동
31000,31130,3113011,와부읍,경기도 남양주시 와부읍
31000,31130,3113012,진접읍,경기도 남양주시 진접읍
31000,31130,3113013,화도읍,경기도 남양주시 화도읍
31000,31130,3113014,진건읍,경기도 남양주시 진건읍
31000,31130,3113015,오남읍,경기도 남양주시 오남읍
31000,31130,3113031,별내면,경기도 남양주시 별내면
31000,31130,3113032,퇴계원면,경기도 남양주시 퇴계원면
31000,31130,3113034,수동면,경기도 남양주시 수동면
31000,31130,3113035,조안면,경기도 남양주시 조안면
31000,31130,3113051,호평동,경기도 남양주시 호평동
31000,31130,3113052,평내동,경기도 남양주시 평내동
31000,31130,3113053,금곡동,경기도 남양주시 금곡동
31000,31130,3113054,양정동,경기도 남양주시 양정동
31000,31130,3113057,별내동,경기도 남양주시 별내동
31000,31130,3113058,다산1동,경기도 남양주시 다산1동
31000,31130,3113059,다산2동,경기도 남양주시 다산2동
31000,31140,3114051,중앙동,경기도 오산시 중앙동
31000,31140,3114052,대원동,경기도 오산시 대원동
31000,31140,3114053,남촌동,경기도 오산시 남촌동
31000,31140,3114054,신장동,경기도 오산시 신장동
31000,31140,3114055,세마동,경기도 오산시 세마동
31000,31140,3114056,초평동,경기도 오산시 초평동
31000,31150,3115051,대야동,경기도 시흥시 대야동
31000,31150,3115052,신천동,경기도 시흥시 신천동
31000,31150,3115053,신현동,경기도 시흥시 신현동
31000,31150,3115054,은행동,경기도 시흥시 은행동
31000,31150,3115055,매화동,경기도 시흥시 매화동
31000,31150,3115056,목감동,경기도 시흥시 목감동
31000,31150,3115059,과림동,경기도 시흥시 과림동
31000,31150,3115061,정왕2동,경기도 시흥시 정왕2동
31000,31150,3115062,정왕3동,경기도 시흥시 정왕3동
31000,31150,3115063,정왕4동,경기도 시흥시 정왕4동
31000,31150,3115064,정왕본동,경기도 시흥시 정왕본동
31000,31150,3115065,정왕1동,경기도 시흥시 정왕1동
31000,31150,3115067,능곡동,경기도 시흥시 능곡동
31000,31150,3115068,군자동,경기도 시흥시 군자동
31000,31150,3115069,월곶동,경기도 시흥시 월곶동
31000,31150,3115070,연성동,경기도 시흥시 연성동
31000,31150,3115071,장곡동,경기도 시흥시 장곡동
31000,31160,3116051,군포1동,경기도 군포시 군포1동
31000,31160,3116052,군포2동,경기도 군포시 군포2동
31000,31160,3116054,산본1동,경기도 군포시 산본1동
31000,31160,3116055,산본2동,경기도 군포시 산본2동
31000,31160,3116056,금정동,경기도 군포시 금정동
31000,31160,3116057,재궁동,경기도 군포시 재궁동
31000,31160,3116058,오금동,경기도 군포시 오금동
31000,31160,3116059,수리동,경기도 군포시 수리동
31000,31160,3116060,궁내동,경기도 군포시 궁내동
31000,31160,3116061,광정동,경기도 군포시 광정동
31000,31160,3116062,대야동,경기도 군포시 대야동
31000,31170,3117051,고천동,경기도 의왕시 고천동
31000,31170,3117052,부곡동,경기도 의왕시 부곡동
31000,31170,3117053,오전동,경기도 의왕시 오전동
31000,31170,3117054,내손1동,경기도 의왕시 내손1동
31000,31170,3117055,내손2동,경기도 의왕시 내손2동
31000,31170,3117056,청계동,경기도 의왕시 청계동
31000,31180,3118051,천현동,경기도 하남시 천현동
31000,31180,3118052,신장1동,경기도 하남시 신장1동
31000,31180,3118053,신장2동,경기도 하남시 신장2동
31000,31180,3118054,덕풍1동,경기도 하남시 덕풍1동
31000,31180,3118055,덕풍2동,경기도 하남시 덕풍2동
31000,31180,3118056,덕풍3동,경기도 하남시 덕풍3동
31000,31180,3118059,춘궁동,경기도 하남시 춘궁동
31000,31180,3118060,초이동,경기도 하남시 초이동
31000,31180,3118061,풍산동,경기도 하남시 풍산동
31000,31180,3118062,미사1동,경기도 하남시 미사1동
31000,31180,3118063,미사2동,경기도 하남시 미사2동
31000,31180,3118064,감북동,경기도 하남시 감북동
31000,31180,3118065,위례동,경기도 하남시 위례동
31000,31191,3119111,포곡읍,경기도 용인시 처인구 포곡읍
31000,31191,3119112,모현읍,경기도 용인시 처인구 모현읍
31000,31191,3119113,이동읍,경기도 용인시 처인구 이동읍
31000,31191,3119132,남사면,경기도 용인시 처인구 남사면
31000,31191,3119134,원삼면,경기도 용인시 처인구 원삼면
31000,31191,3119135,백암면,경기도 용인시 처인구 백암면
31000,31191,3119136,양지면,경기도 용인시 처인구 양지면
31000,31191,3119151,중앙동,경기도 용인시 처인구 중앙동
31000,31191,3119152,역삼동,경기도 용인시 처인구 역삼동
31000,31191,3119153,유림동,경기도 용인시 처인구 유림동
31000,31191,3119154,동부동,경기도 용인시 처인구 동부동
31000,31192,3119252,구갈동,경기도 용인시 기흥구 구갈동
31000,31192,3119253,상갈동,경기도 용인시 기흥구 상갈동
31000,31192,3119254,기흥동,경기도 용인시 기흥구 기흥동
31000,31192,3119255,서농동,경기도 용인시 기흥구 서농동
31000,31192,3119256,구성동,경기도 용인시 기흥구 구성동
31000,31192,3119257,마북동,경기도 용인시 기흥구 마북동
31000,31192,3119258,동백동,경기도 용인시 기흥구 동백동
31000,31192,3119259,보정동,경기도 용인시 기흥구 보정동
31000,31192,3119260,상하동,경기도 용인시 기흥구 상하동
31000,31192,3119261,신갈동,경기도 용인시 기흥구 신갈동
31000,31192,3119262,영덕동,경기도 용인시 기흥구 영덕동
31000,31193,3119351,풍덕천1동,경기도 용인시 수지구 풍덕천1동
31000,31193,3119352,풍덕천2동,경기도 용인시 수지구 풍덕천2동
31000,31193,3119353,신봉동,경기도 용인시 수지구 신봉동
31000,31193,3119354,죽전1동,경기도 용인시 수지구 죽전1동
31000,31193,3119355,죽전2동,경기도 용인시 수지구 죽전2동
31000,31193,3119356,동천동,경기도 용인시 수지구 동천동
31000,31193,3119357,상현1동,경기도 용인시 수지구 상현1동
31000,31193,3119358,상현2동,경기도 용인시 수지구 상현2동
31000,31193,3119359,성복동,경기도 용인시 수지구 성복동
31000,31200,3120011,문산읍,경기도 파주시 문산읍
31000,31200,3120012,파주읍,경기도 파주시 파주읍
31000,31200,3120013,법원읍,경기도 파주시 법원읍
31000,31200,3120015,조리읍,경기도 파주시 조리읍
31000,31200,3120021,진동면,경기도 파주시 진동면
31000,31200,3120026,장단면,경기도 파주시 장단면
31000,31200,3120027,진서면,경기도 파주시 진서면
31000,31200,3120031,월롱면,경기도 파주시 월롱면
31000,31200,3120032,탄현면,경기도 파주시 탄현면
31000,31200,3120035,광탄면,경기도 파주시 광탄면
31000,31200,3120036,파평면,경기도 파주시 파평면
31000,31200,3120037,적성면,경기도 파주시 적성면
31000,31200,3120038,군내면,경기도 파주시 군내면
31000,31200,3120052,금촌2동,경기도 파주시 금촌2동
31000,31200,3120053,금촌1동,경기도 파주시 금촌1동
31000,31200,3120054,금촌3동,경기도 파주시 금촌3동
31000,31200,3120055,교하동,경기도 파주시 교하동
31000,31200,3120056,운정1동,경기도 파주시 운정1동
31000,31200,3120057,운정2동,경기도 파주시 운정2동
31000,31200,3120058,운정3동,경기도 파주시 운정3동
31000,31210,3121011,장호원읍,경기도 이천시 장호원읍
31000,31210,3121012,부발읍,경기도 이천시 부발읍
31000,31210,3121031,신둔면,경기도 이천시 신둔면
31000,31210,3121032,백사면,경기도 이천시 백사면
31000,31210,3121033,호법면,경기도 이천시 호법면
31000,31210,3121034,마장면,경기도 이천시 마장면
31000,31210,3121035,대월면,경기도 이천시 대월면
31000,31210,3121036,모가면,경기도 이천시 모가면
31000,31210,3121037,설성면,경기도 이천시 설성면
31000,31210,3121038,율면,경기도 이천시 율면
31000,31210,3121051,창전동,경기도 이천시 창전동
31000,31210,3121052,중리동,경기도 이천시 중리동
31000,31210,3121053,관고동,경기도 이천시 관고동
31000,31210,3121054,증포동,경기도 이천시 증포동
31000,31220,3122011,공도읍,경기도 안성시 공도읍
31000,31220,3122031,보개면,경기도 안성시 보개면
31000,31220,3122032,금광면,경기도 안성시 금광면
31000,31220,3122033,서운면,경기도 안성시 서운면
31000,31220,3122034,미양면,경기도 안성시 미양면
31000,31220,3122035,대덕면,경기도 안성시 대덕면
31000,31220,3122036,양성면,경기도 안성시 양성면
31000,31220,3122038,원곡면,경기도 안성시 원곡면
31000,31220,3122039,일죽면,경기도 안성시 일죽면
31000,31220,3122040,죽산면,경기도 안성시 죽산면
31000,31220,3122041,삼죽면,경기도 안성시 삼죽면
31000,31220,3122042,고삼면,경기도 안성시 고삼면
31000,31220,3122051,안성1동,경기도 안성시 안성1동
31000,31220,3122052,안성2동,경기도 안성시 안성2동
31000,31220,3122053,안성3동,경기도 안성시 안성3동
31000,31230,3123011,통진읍,경기도 김포시 통진읍
31000,31230,3123012,고촌읍,경기도 김포시 고촌읍
31000,31230,3123013,양촌읍,경기도 김포시 양촌읍
31000,31230,3123034,대곶면,경기도 김포시 대곶면
31000,31230,3123035,월곶면,경기도 김포시 월곶면
31000,31230,3123036,하성면,경기도 김포시 하성면
31000,31230,3123053,사우동,경기도 김포시 사우동
31000,31230,3123054,풍무동,경기도 김포시 풍무동
31000,31230,3123056,장기동,경기도 김포시 장기동
31000,31230,3123058,구래동,경기도 김포시 구래동
31000,31230,3123060,운양동,경기도 김포시 운양동
31000,31230,3123061,김포본동,경기도 김포시 김포본동
31000,31230,3123062,장기본동,경기도 김포시 장기본동
31000,31240,3124012,봉담읍,경기도 화성시 봉담읍
31000,31240,3124013,우정읍,경기도 화성시 우정읍
31000,31240,3124014,향남읍,경기도 화성시 향남읍
31000,31240,3124015,남양읍,경기도 화성시 남양읍
31000,31240,3124031,매송면,경기도 화성시 매송면
31000,31240,3124033,비봉면,경기도 화성시 비봉면
31000,31240,3124035,마도면,경기도 화성시 마도면
31000,31240,3124036,송산면,경기도 화성시 송산면
31000,31240,3124037,서신면,경기도 화성시 서신면
31000,31240,3124038,팔탄면,경기도 화성시 팔탄면
31000,31240,3124039,장안면,경기도 화성시 장안면
31000,31240,3124042,양감면,경기도 화성시 양감면
31000,31240,3124043,정남면,경기도 화성시 정남면
31000,31240,3124052,진안동,경기도 화성시 진안동
31000,31240,3124053,병점1동,경기도 화성시 병점1동
31000,31240,3124054,병점2동,경기도 화성시 병점2동
31000,31240,3124055,반월동,경기도 화성시 반월동
31000,31240,3124056,기배동,경기도 화성시 기배동
31000,31240,3124057,화산동,경기도 화성시 화산동
31000,31240,3124060,동탄2동,경기도 화성시 동탄2동
31000,31240,3124061,동탄1동,경기도 화성시 동탄1동
31000,31240,3124062,동탄3동,경기도 화성시 동탄3동
31000,31240,3124064,동탄4동,경기도 화성시 동탄4동
31000,31240,3124065,동탄5동,경기도 화성시 동탄5동
31000,31240,3124066,동탄6동,경기도 화성시 동탄6동
31000,31240,3124067,새솔동,경기도 화성시 새솔동
31000,31250,3125011,오포읍,경기도 광주시 오포읍
31000,31250,3125012,초월읍,경기도 광주시 초월읍
31000,31250,3125014,곤지암읍,경기도 광주시 곤지암읍
31000,31250,3125034,도척면,경기도 광주시 도척면
31000,31250,3125035,퇴촌면,경기도 광주시 퇴촌면
31000,31250,3125036,남종면,경기도 광주시 남종면
31000,31250,3125038,남한산성면,경기도 광주시 남한산성면
31000,31250,3125051,경안동,경기도 광주시 경안동
31000,31250,3125052,송정동,경기도 광주시 송정동
31000,31250,3125053,광남동,경기도 광주시 광남동
31000,31260,3126011,백석읍,경기도 양주시 백석읍
31000,31260,3126031,은현면,경기도 양주시 은현면
31000,31260,3126032,남면,경기도 양주시 남면
31000,31260,3126033,광적면,경기도 양주시 광적면
31000,31260,3126034,장흥면,경기도 양주시 장흥면
31000,31260,3126051,양주1동,경기도 양주시 양주1동
31000,31260,3126052,양주2동,경기도 양주시 양주2동
31000,31260,3126053,회천1동,경기도 양주시 회천1동
31000,31260,3126054,회천2동,경기도 양주시 회천2동
31000,31260,3126055,회천3동,경기도 양주시 회천3동
31000,31260,3126056,회천4동,경기도 양주시 회천4동
31000,31270,3127011,소흘읍,경기도 포천시 소흘읍
31000,31270,3127031,군내면,경기도 포천시 군내면
31000,31270,3127032,내촌면,경기도 포천시 내촌면
31000,31270,3127033,가산면,경기도 포천시 가산면
31000,31270,3127034,신북면,경기도 포천시 신북면
31000,31270,3127035,창수면,경기도 포천시 창수면
31000,31270,3127036,영중면,경기도 포천시 영중면
31000,31270,3127037,일동면,경기도 포천시 일동면
31000,31270,3127038,이동면,경기도 포천시 이동면
31000,31270,3127039,영북면,경기도 포천시 영북면
31000,31270,3127040,관인면,경기도 포천시 관인면
31000,31270,3127041,화현면,경기도 포천시 화현면
31000,31270,3127051,포천동,경기도 포천시 포천동
31000,31270,3127052,선단동,경기도 포천시 선단동
31000,31280,3128011,가남읍,경기도 여주시 가남읍
31000,31280,3128031,점동면,경기도 여주시 점동면
31000,31280,3128032,능서면,경기도 여주시 능서면
31000,31280,3128033,흥천면,경기도 여주시 흥천면
31000,31280,3128034,금사면,경기도 여주시 금사면
31000,31280,3128035,산북면,경기도 여주시 산북면
31000,31280,3128036,대신면,경기도 여주시 대신면
31000,31280,3128037,북내면,경기도 여주시 북내면
31000,31280,3128038,강천면,경기도 여주시 강천면
31000,31280,3128051,여흥동,경기도 여주시 여흥동
31000,31280,3128052,중앙동,경기도 여주시 중앙동
31000,31280,3128053,오학동,경기도 여주시 오학동
31000,31350,3135011,연천읍,경기도 연천군 연천읍
31000,31350,3135012,전곡읍,경기도 연천군 전곡읍
31000,31350,3135031,군남면,경기도 연천군 군남면
31000,31350,3135032,청산면,경기도 연천군 청산면
31000,31350,3135033,백학면,경기도 연천군 백학면
31000,31350,3135034,미산면,경기도 연천군 미산면
31000,31350,3135035,왕징면,경기도 연천군 왕징면
31000,31350,3135036,신서면,경기도 연천군 신서면
31000,31350,3135037,중면,경기도 연천군 중면
31000,31350,3135038,장남면,경기도 연천군 장남면
31000,31370,3137011,가평읍,경기도 가평군 가평읍
31000,31370,3137031,설악면,경기도 가평군 설악면
31000,31370,3137032,청평면,경기도 가평군 청평면
31000,31370,3137033,상면,경기도 가평군 상면
31000,31370,3137035,북면,경기도 가평군 북면
31000,31370,3137036,조종면,경기도 가평군 조종면
31000,31380,3138011,양평읍,경기도 양평군 양평읍
31000,31380,3138031,강상면,경기도 양평군 강상면
31000,31380,3138032,강하면,경기도 양평군 강하면
31000,31380,3138033,양서면,경기도 양평군 양서면
31000,31380,3138034,옥천면,경기도 양평군 옥천면
31000,31380,3138035,서종면,경기도 양평군 서종면
31000,31380,3138036,단월면,경기도 양평군 단월면
31000,31380,3138037,청운면,경기도 양평군 청운면
31000,31380,3138038,양동면,경기도 양평군 양동면
31000,31380,3138039,지평면,경기도 양평군 지평면
31000,31380,3138040,용문면,경기도 양평군 용문면
31000,31380,3138041,개군면,경기도 양평군 개군면
32000,32000,32000,강원도,강원도
33000,33000,33000,충청북도,충청북도
34000,34000,34000,충청남도,충청남도
35000,35000,35000,전라북도,전라북도
36000,36000,36000,전라남도,전라남도
37000,37000,37000,경상북도,경상북도
38000,38000,38000,경상남도,경상남도
39000,39000,39000,제주특별자치도,제주특별자치도
